2024-05-31 17:09:55,789: asyncio: INFO: [MLTrader] Executing the initialize lifecycle method
2024-05-31 17:09:55,962: alpaca.trading.stream: INFO: connected to: BaseURL.TRADING_STREAM_PAPER
2024-05-31 17:09:56,445: root: INFO: Current backtesting datetime 2023-05-11 10:00:00-04:00
2024-05-31 17:09:56,445: root: INFO: Current backtesting datetime 2023-05-11 11:00:00-04:00
2024-05-31 17:09:56,446: asyncio: INFO: [MLTrader] Executing the before_starting_trading lifecycle method
2024-05-31 17:09:56,447: asyncio: INFO: [MLTrader] [34mExecuting the on_trading_iteration lifecycle method at 2024-05-31 17:09:56[0m
2024-05-31 17:09:56,449: root: WARNING: quote is not implemented for YahooData, but USD was passed as the quote
2024-05-31 17:09:56,950: root: WARNING: quote is not implemented for YahooData, but USD was passed as the quote
2024-05-31 17:09:57,088: asyncio: WARNING: [MLTrader] Selling all positions for MLTrader strategy
2024-05-31 17:09:57,089: asyncio: INFO: [MLTrader] [32mNew order was created: market order of | 2427.0 SPY buy | at price $494.3400146484375 of class bracket with status new[0m
2024-05-31 17:09:57,091: asyncio: INFO: [MLTrader] [34mTrading iteration ended at 2024-05-31 17:09:57[0m
2024-05-31 17:09:57,091: asyncio: INFO: [MLTrader] Getting historical prices for SPY, 1 bars, 
2024-05-31 17:09:57,091: root: WARNING: quote is not implemented for YahooData, but USD was passed as the quote
2024-05-31 17:09:57,091: root: WARNING: quote is not implemented for YahooData, but USD was passed as the quote
2024-05-31 17:09:57,092: root: INFO: market order of | 2427.0 SPY buy | at price $494.3400146484375 of class bracket with status new was sent to broker backtesting
2024-05-31 17:09:57,092: root: INFO: market order of | 2427.0 SPY buy | at price $494.3400146484375 of class bracket with status new was sent to broker backtesting
2024-05-31 17:09:57,092: asyncio: INFO: [MLTrader] [32mOrder was filled: market order of | 2427.0 SPY buy | at price $411.95 of class bracket with status fill[0m
2024-05-31 17:09:57,094: asyncio: INFO: [MLTrader] [34mSleeping for 1800 seconds[0m
2024-05-31 17:09:57,096: root: INFO: Current backtesting datetime 2023-05-11 11:30:00-04:00
2024-05-31 17:09:57,097: asyncio: INFO: [MLTrader] [34mExecuting the on_trading_iteration lifecycle method at 2024-05-31 17:09:57[0m
2024-05-31 17:09:57,097: asyncio: INFO: [MLTrader] [34mTrading iteration ended at 2024-05-31 17:09:57[0m
2024-05-31 17:09:57,097: asyncio: INFO: [MLTrader] Getting historical prices for SPY, 1 bars, 
2024-05-31 17:09:57,097: root: WARNING: quote is not implemented for YahooData, but USD was passed as the quote
2024-05-31 17:09:57,098: root: WARNING: quote is not implemented for YahooData, but USD was passed as the quote
2024-05-31 17:09:57,098: asyncio: INFO: [MLTrader] [32mOrder was canceled: limit order of | 2427.0 SPY sell | at price $494.3400146484375 with status canceled[0m
2024-05-31 17:09:57,099: root: INFO: Position MLTrader Position: 0.0 shares of SPY (2 orders) liquidated
2024-05-31 17:09:57,100: asyncio: INFO: [MLTrader] [32mOrder was filled: stop order of | 2427.0 SPY sell | at price $411.54 with status fill[0m
2024-05-31 17:09:57,103: asyncio: INFO: [MLTrader] [34mSleeping for 1800 seconds[0m
2024-05-31 17:09:57,104: root: INFO: Current backtesting datetime 2023-05-11 12:00:00-04:00
2024-05-31 17:09:57,106: asyncio: INFO: [MLTrader] [34mExecuting the on_trading_iteration lifecycle method at 2024-05-31 17:09:57[0m
2024-05-31 17:09:57,106: asyncio: INFO: [MLTrader] [34mTrading iteration ended at 2024-05-31 17:09:57[0m
2024-05-31 17:09:57,106: asyncio: INFO: [MLTrader] [34mSleeping for 1800 seconds[0m
2024-05-31 17:09:57,107: root: INFO: Current backtesting datetime 2023-05-11 12:30:00-04:00
2024-05-31 17:09:57,107: asyncio: INFO: [MLTrader] [34mExecuting the on_trading_iteration lifecycle method at 2024-05-31 17:09:57[0m
2024-05-31 17:09:57,107: asyncio: INFO: [MLTrader] [34mTrading iteration ended at 2024-05-31 17:09:57[0m
2024-05-31 17:09:57,108: asyncio: INFO: [MLTrader] [34mSleeping for 1800 seconds[0m
2024-05-31 17:09:57,109: root: INFO: Current backtesting datetime 2023-05-11 13:00:00-04:00
2024-05-31 17:09:57,110: asyncio: INFO: [MLTrader] [34mExecuting the on_trading_iteration lifecycle method at 2024-05-31 17:09:57[0m
2024-05-31 17:09:57,110: asyncio: INFO: [MLTrader] [34mTrading iteration ended at 2024-05-31 17:09:57[0m
2024-05-31 17:09:57,111: asyncio: INFO: [MLTrader] [34mSleeping for 1800 seconds[0m
2024-05-31 17:09:57,111: root: INFO: Current backtesting datetime 2023-05-11 13:30:00-04:00
2024-05-31 17:09:57,112: asyncio: INFO: [MLTrader] [34mExecuting the on_trading_iteration lifecycle method at 2024-05-31 17:09:57[0m
2024-05-31 17:09:57,112: asyncio: INFO: [MLTrader] [34mTrading iteration ended at 2024-05-31 17:09:57[0m
2024-05-31 17:09:57,113: asyncio: INFO: [MLTrader] [34mSleeping for 1800 seconds[0m
2024-05-31 17:09:57,114: root: INFO: Current backtesting datetime 2023-05-11 14:00:00-04:00
2024-05-31 17:09:57,114: asyncio: INFO: [MLTrader] [34mExecuting the on_trading_iteration lifecycle method at 2024-05-31 17:09:57[0m
2024-05-31 17:09:57,115: asyncio: INFO: [MLTrader] [34mTrading iteration ended at 2024-05-31 17:09:57[0m
2024-05-31 17:09:57,115: asyncio: INFO: [MLTrader] [34mSleeping for 1800 seconds[0m
2024-05-31 17:09:57,116: root: INFO: Current backtesting datetime 2023-05-11 14:30:00-04:00
2024-05-31 17:09:57,117: asyncio: INFO: [MLTrader] [34mExecuting the on_trading_iteration lifecycle method at 2024-05-31 17:09:57[0m
2024-05-31 17:09:57,117: asyncio: INFO: [MLTrader] [34mTrading iteration ended at 2024-05-31 17:09:57[0m
2024-05-31 17:09:57,117: asyncio: INFO: [MLTrader] [34mSleeping for 1800 seconds[0m
2024-05-31 17:09:57,118: root: INFO: Current backtesting datetime 2023-05-11 15:00:00-04:00
2024-05-31 17:09:57,118: asyncio: INFO: [MLTrader] [34mExecuting the on_trading_iteration lifecycle method at 2024-05-31 17:09:57[0m
2024-05-31 17:09:57,118: asyncio: INFO: [MLTrader] [34mTrading iteration ended at 2024-05-31 17:09:57[0m
2024-05-31 17:09:57,120: asyncio: INFO: [MLTrader] [34mSleeping for 1800 seconds[0m
2024-05-31 17:09:57,120: root: INFO: Current backtesting datetime 2023-05-11 15:30:00-04:00
2024-05-31 17:09:57,121: asyncio: INFO: [MLTrader] [34mExecuting the on_trading_iteration lifecycle method at 2024-05-31 17:09:57[0m
2024-05-31 17:09:57,121: asyncio: INFO: [MLTrader] [34mTrading iteration ended at 2024-05-31 17:09:57[0m
2024-05-31 17:09:57,122: asyncio: INFO: [MLTrader] [34mSleeping for 1800 seconds[0m
2024-05-31 17:09:57,122: root: INFO: Current backtesting datetime 2023-05-11 16:00:00-04:00
2024-05-31 17:09:57,123: asyncio: INFO: [MLTrader] [34mThe market is not currently open, skipping this trading iteration[0m
2024-05-31 17:09:57,124: root: INFO: Current backtesting datetime 2023-05-11 15:59:00-04:00
2024-05-31 17:09:57,125: asyncio: INFO: [MLTrader] Executing the before_market_closes lifecycle method
2024-05-31 17:09:57,125: root: INFO: Current backtesting datetime 2023-05-11 16:00:00-04:00
2024-05-31 17:09:57,125: asyncio: INFO: [MLTrader] Executing the after_market_closes lifecycle method
2024-05-31 17:09:57,126: root: INFO: Current backtesting datetime 2023-05-12 08:30:00-04:00
2024-05-31 17:09:57,126: asyncio: INFO: [MLTrader] Executing the before_market_opens lifecycle method
2024-05-31 17:09:57,126: root: INFO: Current backtesting datetime 2023-05-12 09:30:00-04:00
2024-05-31 17:09:57,126: asyncio: INFO: [MLTrader] Executing the before_starting_trading lifecycle method
2024-05-31 17:09:57,128: asyncio: INFO: [MLTrader] [34mExecuting the on_trading_iteration lifecycle method at 2024-05-31 17:09:57[0m
2024-05-31 17:09:57,128: asyncio: INFO: [MLTrader] [34mTrading iteration ended at 2024-05-31 17:09:57[0m
2024-05-31 17:09:57,129: asyncio: INFO: [MLTrader] [34mSleeping for 1800 seconds[0m
2024-05-31 17:09:57,130: root: INFO: Current backtesting datetime 2023-05-12 10:00:00-04:00
2024-05-31 17:09:57,131: asyncio: INFO: [MLTrader] [34mExecuting the on_trading_iteration lifecycle method at 2024-05-31 17:09:57[0m
2024-05-31 17:09:57,131: asyncio: INFO: [MLTrader] [34mTrading iteration ended at 2024-05-31 17:09:57[0m
2024-05-31 17:09:57,132: asyncio: INFO: [MLTrader] [34mSleeping for 1800 seconds[0m
2024-05-31 17:09:57,132: root: INFO: Current backtesting datetime 2023-05-12 10:30:00-04:00
2024-05-31 17:09:57,133: asyncio: INFO: [MLTrader] [34mExecuting the on_trading_iteration lifecycle method at 2024-05-31 17:09:57[0m
2024-05-31 17:09:57,133: asyncio: INFO: [MLTrader] [34mTrading iteration ended at 2024-05-31 17:09:57[0m
2024-05-31 17:09:57,134: asyncio: INFO: [MLTrader] [34mSleeping for 1800 seconds[0m
2024-05-31 17:09:57,134: root: INFO: Current backtesting datetime 2023-05-12 11:00:00-04:00
2024-05-31 17:09:57,135: asyncio: INFO: [MLTrader] [34mExecuting the on_trading_iteration lifecycle method at 2024-05-31 17:09:57[0m
2024-05-31 17:09:57,135: asyncio: INFO: [MLTrader] [34mTrading iteration ended at 2024-05-31 17:09:57[0m
2024-05-31 17:09:57,137: asyncio: INFO: [MLTrader] [34mSleeping for 1800 seconds[0m
2024-05-31 17:09:57,137: root: INFO: Current backtesting datetime 2023-05-12 11:30:00-04:00
2024-05-31 17:09:57,137: asyncio: INFO: [MLTrader] [34mExecuting the on_trading_iteration lifecycle method at 2024-05-31 17:09:57[0m
2024-05-31 17:09:57,138: asyncio: INFO: [MLTrader] [34mTrading iteration ended at 2024-05-31 17:09:57[0m
2024-05-31 17:09:57,138: asyncio: INFO: [MLTrader] [34mSleeping for 1800 seconds[0m
2024-05-31 17:09:57,139: root: INFO: Current backtesting datetime 2023-05-12 12:00:00-04:00
2024-05-31 17:09:57,140: asyncio: INFO: [MLTrader] [34mExecuting the on_trading_iteration lifecycle method at 2024-05-31 17:09:57[0m
2024-05-31 17:09:57,140: asyncio: INFO: [MLTrader] [34mTrading iteration ended at 2024-05-31 17:09:57[0m
2024-05-31 17:09:57,140: asyncio: INFO: [MLTrader] [34mSleeping for 1800 seconds[0m
2024-05-31 17:09:57,142: root: INFO: Current backtesting datetime 2023-05-12 12:30:00-04:00
2024-05-31 17:09:57,142: asyncio: INFO: [MLTrader] [34mExecuting the on_trading_iteration lifecycle method at 2024-05-31 17:09:57[0m
2024-05-31 17:09:57,142: asyncio: INFO: [MLTrader] [34mTrading iteration ended at 2024-05-31 17:09:57[0m
2024-05-31 17:09:57,143: asyncio: INFO: [MLTrader] [34mSleeping for 1800 seconds[0m
2024-05-31 17:09:57,144: root: INFO: Current backtesting datetime 2023-05-12 13:00:00-04:00
2024-05-31 17:09:57,145: asyncio: INFO: [MLTrader] [34mExecuting the on_trading_iteration lifecycle method at 2024-05-31 17:09:57[0m
2024-05-31 17:09:57,145: asyncio: INFO: [MLTrader] [34mTrading iteration ended at 2024-05-31 17:09:57[0m
2024-05-31 17:09:57,145: asyncio: INFO: [MLTrader] [34mSleeping for 1800 seconds[0m
2024-05-31 17:09:57,146: root: INFO: Current backtesting datetime 2023-05-12 13:30:00-04:00
2024-05-31 17:09:57,146: asyncio: INFO: [MLTrader] [34mExecuting the on_trading_iteration lifecycle method at 2024-05-31 17:09:57[0m
2024-05-31 17:09:57,146: asyncio: INFO: [MLTrader] [34mTrading iteration ended at 2024-05-31 17:09:57[0m
2024-05-31 17:09:57,147: asyncio: INFO: [MLTrader] [34mSleeping for 1800 seconds[0m
2024-05-31 17:09:57,148: root: INFO: Current backtesting datetime 2023-05-12 14:00:00-04:00
2024-05-31 17:09:57,148: asyncio: INFO: [MLTrader] [34mExecuting the on_trading_iteration lifecycle method at 2024-05-31 17:09:57[0m
2024-05-31 17:09:57,148: asyncio: INFO: [MLTrader] [34mTrading iteration ended at 2024-05-31 17:09:57[0m
2024-05-31 17:09:57,149: asyncio: INFO: [MLTrader] [34mSleeping for 1800 seconds[0m
2024-05-31 17:09:57,149: root: INFO: Current backtesting datetime 2023-05-12 14:30:00-04:00
2024-05-31 17:09:57,150: asyncio: INFO: [MLTrader] [34mExecuting the on_trading_iteration lifecycle method at 2024-05-31 17:09:57[0m
2024-05-31 17:09:57,150: asyncio: INFO: [MLTrader] [34mTrading iteration ended at 2024-05-31 17:09:57[0m
2024-05-31 17:09:57,150: asyncio: INFO: [MLTrader] [34mSleeping for 1800 seconds[0m
2024-05-31 17:09:57,152: root: INFO: Current backtesting datetime 2023-05-12 15:00:00-04:00
2024-05-31 17:09:57,152: asyncio: INFO: [MLTrader] [34mExecuting the on_trading_iteration lifecycle method at 2024-05-31 17:09:57[0m
2024-05-31 17:09:57,152: asyncio: INFO: [MLTrader] [34mTrading iteration ended at 2024-05-31 17:09:57[0m
2024-05-31 17:09:57,153: asyncio: INFO: [MLTrader] [34mSleeping for 1800 seconds[0m
2024-05-31 17:09:57,154: root: INFO: Current backtesting datetime 2023-05-12 15:30:00-04:00
2024-05-31 17:09:57,154: asyncio: INFO: [MLTrader] [34mExecuting the on_trading_iteration lifecycle method at 2024-05-31 17:09:57[0m
2024-05-31 17:09:57,154: asyncio: INFO: [MLTrader] [34mTrading iteration ended at 2024-05-31 17:09:57[0m
2024-05-31 17:09:57,155: asyncio: INFO: [MLTrader] [34mSleeping for 1800 seconds[0m
2024-05-31 17:09:57,155: root: INFO: Current backtesting datetime 2023-05-12 16:00:00-04:00
2024-05-31 17:09:57,155: asyncio: INFO: [MLTrader] [34mThe market is not currently open, skipping this trading iteration[0m
2024-05-31 17:09:57,156: root: INFO: Current backtesting datetime 2023-05-12 15:59:00-04:00
2024-05-31 17:09:57,156: asyncio: INFO: [MLTrader] Executing the before_market_closes lifecycle method
2024-05-31 17:09:57,157: root: INFO: Current backtesting datetime 2023-05-12 16:00:00-04:00
2024-05-31 17:09:57,157: asyncio: INFO: [MLTrader] Executing the after_market_closes lifecycle method
2024-05-31 17:09:57,159: root: INFO: Current backtesting datetime 2023-05-15 08:30:00-04:00
2024-05-31 17:09:57,159: asyncio: INFO: [MLTrader] Executing the before_market_opens lifecycle method
2024-05-31 17:09:57,160: root: INFO: Current backtesting datetime 2023-05-15 09:30:00-04:00
2024-05-31 17:09:57,160: asyncio: INFO: [MLTrader] Executing the before_starting_trading lifecycle method
2024-05-31 17:09:57,161: asyncio: INFO: [MLTrader] [34mExecuting the on_trading_iteration lifecycle method at 2024-05-31 17:09:57[0m
2024-05-31 17:09:57,161: asyncio: INFO: [MLTrader] [34mTrading iteration ended at 2024-05-31 17:09:57[0m
2024-05-31 17:09:57,161: asyncio: INFO: [MLTrader] [34mSleeping for 1800 seconds[0m
2024-05-31 17:09:57,161: root: INFO: Current backtesting datetime 2023-05-15 10:00:00-04:00
2024-05-31 17:09:57,162: asyncio: INFO: [MLTrader] [34mExecuting the on_trading_iteration lifecycle method at 2024-05-31 17:09:57[0m
2024-05-31 17:09:57,162: asyncio: INFO: [MLTrader] [34mTrading iteration ended at 2024-05-31 17:09:57[0m
2024-05-31 17:09:57,163: asyncio: INFO: [MLTrader] [34mSleeping for 1800 seconds[0m
2024-05-31 17:09:57,163: root: INFO: Current backtesting datetime 2023-05-15 10:30:00-04:00
2024-05-31 17:09:57,164: asyncio: INFO: [MLTrader] [34mExecuting the on_trading_iteration lifecycle method at 2024-05-31 17:09:57[0m
2024-05-31 17:09:57,164: asyncio: INFO: [MLTrader] [34mTrading iteration ended at 2024-05-31 17:09:57[0m
2024-05-31 17:09:57,164: asyncio: INFO: [MLTrader] [34mSleeping for 1800 seconds[0m
2024-05-31 17:09:57,165: root: INFO: Current backtesting datetime 2023-05-15 11:00:00-04:00
2024-05-31 17:09:57,166: asyncio: INFO: [MLTrader] [34mExecuting the on_trading_iteration lifecycle method at 2024-05-31 17:09:57[0m
2024-05-31 17:09:57,166: asyncio: INFO: [MLTrader] [34mTrading iteration ended at 2024-05-31 17:09:57[0m
2024-05-31 17:09:57,166: asyncio: INFO: [MLTrader] [34mSleeping for 1800 seconds[0m
2024-05-31 17:09:57,167: root: INFO: Current backtesting datetime 2023-05-15 11:30:00-04:00
2024-05-31 17:09:57,167: asyncio: INFO: [MLTrader] [34mExecuting the on_trading_iteration lifecycle method at 2024-05-31 17:09:57[0m
2024-05-31 17:09:57,167: asyncio: INFO: [MLTrader] [34mTrading iteration ended at 2024-05-31 17:09:57[0m
2024-05-31 17:09:57,169: asyncio: INFO: [MLTrader] [34mSleeping for 1800 seconds[0m
2024-05-31 17:09:57,169: root: INFO: Current backtesting datetime 2023-05-15 12:00:00-04:00
2024-05-31 17:09:57,170: asyncio: INFO: [MLTrader] [34mExecuting the on_trading_iteration lifecycle method at 2024-05-31 17:09:57[0m
2024-05-31 17:09:57,170: asyncio: INFO: [MLTrader] [34mTrading iteration ended at 2024-05-31 17:09:57[0m
2024-05-31 17:09:57,170: asyncio: INFO: [MLTrader] [34mSleeping for 1800 seconds[0m
2024-05-31 17:09:57,171: root: INFO: Current backtesting datetime 2023-05-15 12:30:00-04:00
2024-05-31 17:09:57,172: asyncio: INFO: [MLTrader] [34mExecuting the on_trading_iteration lifecycle method at 2024-05-31 17:09:57[0m
2024-05-31 17:09:57,172: asyncio: INFO: [MLTrader] [34mTrading iteration ended at 2024-05-31 17:09:57[0m
2024-05-31 17:09:57,172: asyncio: INFO: [MLTrader] [34mSleeping for 1800 seconds[0m
2024-05-31 17:09:57,173: root: INFO: Current backtesting datetime 2023-05-15 13:00:00-04:00
2024-05-31 17:09:57,173: asyncio: INFO: [MLTrader] [34mExecuting the on_trading_iteration lifecycle method at 2024-05-31 17:09:57[0m
2024-05-31 17:09:57,174: asyncio: INFO: [MLTrader] [34mTrading iteration ended at 2024-05-31 17:09:57[0m
2024-05-31 17:09:57,174: asyncio: INFO: [MLTrader] [34mSleeping for 1800 seconds[0m
2024-05-31 17:09:57,175: root: INFO: Current backtesting datetime 2023-05-15 13:30:00-04:00
2024-05-31 17:09:57,175: asyncio: INFO: [MLTrader] [34mExecuting the on_trading_iteration lifecycle method at 2024-05-31 17:09:57[0m
2024-05-31 17:09:57,175: asyncio: INFO: [MLTrader] [34mTrading iteration ended at 2024-05-31 17:09:57[0m
2024-05-31 17:09:57,176: asyncio: INFO: [MLTrader] [34mSleeping for 1800 seconds[0m
2024-05-31 17:09:57,176: root: INFO: Current backtesting datetime 2023-05-15 14:00:00-04:00
2024-05-31 17:09:57,177: asyncio: INFO: [MLTrader] [34mExecuting the on_trading_iteration lifecycle method at 2024-05-31 17:09:57[0m
2024-05-31 17:09:57,177: asyncio: INFO: [MLTrader] [34mTrading iteration ended at 2024-05-31 17:09:57[0m
2024-05-31 17:09:57,178: asyncio: INFO: [MLTrader] [34mSleeping for 1800 seconds[0m
2024-05-31 17:09:57,178: root: INFO: Current backtesting datetime 2023-05-15 14:30:00-04:00
2024-05-31 17:09:57,179: asyncio: INFO: [MLTrader] [34mExecuting the on_trading_iteration lifecycle method at 2024-05-31 17:09:57[0m
2024-05-31 17:09:57,180: asyncio: INFO: [MLTrader] [34mTrading iteration ended at 2024-05-31 17:09:57[0m
2024-05-31 17:09:57,180: asyncio: INFO: [MLTrader] [34mSleeping for 1800 seconds[0m
2024-05-31 17:09:57,181: root: INFO: Current backtesting datetime 2023-05-15 15:00:00-04:00
2024-05-31 17:09:57,181: asyncio: INFO: [MLTrader] [34mExecuting the on_trading_iteration lifecycle method at 2024-05-31 17:09:57[0m
2024-05-31 17:09:57,181: asyncio: INFO: [MLTrader] [34mTrading iteration ended at 2024-05-31 17:09:57[0m
2024-05-31 17:09:57,182: asyncio: INFO: [MLTrader] [34mSleeping for 1800 seconds[0m
2024-05-31 17:09:57,183: root: INFO: Current backtesting datetime 2023-05-15 15:30:00-04:00
2024-05-31 17:09:57,183: asyncio: INFO: [MLTrader] [34mExecuting the on_trading_iteration lifecycle method at 2024-05-31 17:09:57[0m
2024-05-31 17:09:57,183: asyncio: INFO: [MLTrader] [34mTrading iteration ended at 2024-05-31 17:09:57[0m
2024-05-31 17:09:57,184: asyncio: INFO: [MLTrader] [34mSleeping for 1800 seconds[0m
2024-05-31 17:09:57,184: root: INFO: Current backtesting datetime 2023-05-15 16:00:00-04:00
2024-05-31 17:09:57,184: asyncio: INFO: [MLTrader] [34mThe market is not currently open, skipping this trading iteration[0m
2024-05-31 17:09:57,186: root: INFO: Current backtesting datetime 2023-05-15 15:59:00-04:00
2024-05-31 17:09:57,186: asyncio: INFO: [MLTrader] Executing the before_market_closes lifecycle method
2024-05-31 17:09:57,187: root: INFO: Current backtesting datetime 2023-05-15 16:00:00-04:00
2024-05-31 17:09:57,187: asyncio: INFO: [MLTrader] Executing the after_market_closes lifecycle method
2024-05-31 17:09:57,187: root: INFO: Current backtesting datetime 2023-05-16 08:30:00-04:00
2024-05-31 17:09:57,188: asyncio: INFO: [MLTrader] Executing the before_market_opens lifecycle method
2024-05-31 17:09:57,188: root: INFO: Current backtesting datetime 2023-05-16 09:30:00-04:00
2024-05-31 17:09:57,188: asyncio: INFO: [MLTrader] Executing the before_starting_trading lifecycle method
2024-05-31 17:09:57,189: asyncio: INFO: [MLTrader] [34mExecuting the on_trading_iteration lifecycle method at 2024-05-31 17:09:57[0m
2024-05-31 17:09:57,189: asyncio: INFO: [MLTrader] [34mTrading iteration ended at 2024-05-31 17:09:57[0m
2024-05-31 17:09:57,190: asyncio: INFO: [MLTrader] [34mSleeping for 1800 seconds[0m
2024-05-31 17:09:57,191: root: INFO: Current backtesting datetime 2023-05-16 10:00:00-04:00
2024-05-31 17:09:57,191: asyncio: INFO: [MLTrader] [34mExecuting the on_trading_iteration lifecycle method at 2024-05-31 17:09:57[0m
2024-05-31 17:09:57,191: asyncio: INFO: [MLTrader] [34mTrading iteration ended at 2024-05-31 17:09:57[0m
2024-05-31 17:09:57,192: asyncio: INFO: [MLTrader] [34mSleeping for 1800 seconds[0m
2024-05-31 17:09:57,193: root: INFO: Current backtesting datetime 2023-05-16 10:30:00-04:00
2024-05-31 17:09:57,194: asyncio: INFO: [MLTrader] [34mExecuting the on_trading_iteration lifecycle method at 2024-05-31 17:09:57[0m
2024-05-31 17:09:57,194: asyncio: INFO: [MLTrader] [34mTrading iteration ended at 2024-05-31 17:09:57[0m
2024-05-31 17:09:57,194: asyncio: INFO: [MLTrader] [34mSleeping for 1800 seconds[0m
2024-05-31 17:09:57,196: root: INFO: Current backtesting datetime 2023-05-16 11:00:00-04:00
2024-05-31 17:09:57,196: asyncio: INFO: [MLTrader] [34mExecuting the on_trading_iteration lifecycle method at 2024-05-31 17:09:57[0m
2024-05-31 17:09:57,196: asyncio: INFO: [MLTrader] [34mTrading iteration ended at 2024-05-31 17:09:57[0m
2024-05-31 17:09:57,197: asyncio: INFO: [MLTrader] [34mSleeping for 1800 seconds[0m
2024-05-31 17:09:57,198: root: INFO: Current backtesting datetime 2023-05-16 11:30:00-04:00
2024-05-31 17:09:57,198: asyncio: INFO: [MLTrader] [34mExecuting the on_trading_iteration lifecycle method at 2024-05-31 17:09:57[0m
2024-05-31 17:09:57,198: asyncio: INFO: [MLTrader] [34mTrading iteration ended at 2024-05-31 17:09:57[0m
2024-05-31 17:09:57,199: asyncio: INFO: [MLTrader] [34mSleeping for 1800 seconds[0m
2024-05-31 17:09:57,200: root: INFO: Current backtesting datetime 2023-05-16 12:00:00-04:00
2024-05-31 17:09:57,200: asyncio: INFO: [MLTrader] [34mExecuting the on_trading_iteration lifecycle method at 2024-05-31 17:09:57[0m
2024-05-31 17:09:57,200: asyncio: INFO: [MLTrader] [34mTrading iteration ended at 2024-05-31 17:09:57[0m
2024-05-31 17:09:57,200: asyncio: INFO: [MLTrader] [34mSleeping for 1800 seconds[0m
2024-05-31 17:09:57,201: root: INFO: Current backtesting datetime 2023-05-16 12:30:00-04:00
2024-05-31 17:09:57,201: asyncio: INFO: [MLTrader] [34mExecuting the on_trading_iteration lifecycle method at 2024-05-31 17:09:57[0m
2024-05-31 17:09:57,202: asyncio: INFO: [MLTrader] [34mTrading iteration ended at 2024-05-31 17:09:57[0m
2024-05-31 17:09:57,202: asyncio: INFO: [MLTrader] [34mSleeping for 1800 seconds[0m
2024-05-31 17:09:57,203: root: INFO: Current backtesting datetime 2023-05-16 13:00:00-04:00
2024-05-31 17:09:57,203: asyncio: INFO: [MLTrader] [34mExecuting the on_trading_iteration lifecycle method at 2024-05-31 17:09:57[0m
2024-05-31 17:09:57,203: asyncio: INFO: [MLTrader] [34mTrading iteration ended at 2024-05-31 17:09:57[0m
2024-05-31 17:09:57,204: asyncio: INFO: [MLTrader] [34mSleeping for 1800 seconds[0m
2024-05-31 17:09:57,204: root: INFO: Current backtesting datetime 2023-05-16 13:30:00-04:00
2024-05-31 17:09:57,204: asyncio: INFO: [MLTrader] [34mExecuting the on_trading_iteration lifecycle method at 2024-05-31 17:09:57[0m
2024-05-31 17:09:57,206: asyncio: INFO: [MLTrader] [34mTrading iteration ended at 2024-05-31 17:09:57[0m
2024-05-31 17:09:57,206: asyncio: INFO: [MLTrader] [34mSleeping for 1800 seconds[0m
2024-05-31 17:09:57,207: root: INFO: Current backtesting datetime 2023-05-16 14:00:00-04:00
2024-05-31 17:09:57,207: asyncio: INFO: [MLTrader] [34mExecuting the on_trading_iteration lifecycle method at 2024-05-31 17:09:57[0m
2024-05-31 17:09:57,208: asyncio: INFO: [MLTrader] [34mTrading iteration ended at 2024-05-31 17:09:57[0m
2024-05-31 17:09:57,208: asyncio: INFO: [MLTrader] [34mSleeping for 1800 seconds[0m
2024-05-31 17:09:57,209: root: INFO: Current backtesting datetime 2023-05-16 14:30:00-04:00
2024-05-31 17:09:57,209: asyncio: INFO: [MLTrader] [34mExecuting the on_trading_iteration lifecycle method at 2024-05-31 17:09:57[0m
2024-05-31 17:09:57,209: asyncio: INFO: [MLTrader] [34mTrading iteration ended at 2024-05-31 17:09:57[0m
2024-05-31 17:09:57,210: asyncio: INFO: [MLTrader] [34mSleeping for 1800 seconds[0m
2024-05-31 17:09:57,210: root: INFO: Current backtesting datetime 2023-05-16 15:00:00-04:00
2024-05-31 17:09:57,211: asyncio: INFO: [MLTrader] [34mExecuting the on_trading_iteration lifecycle method at 2024-05-31 17:09:57[0m
2024-05-31 17:09:57,211: asyncio: INFO: [MLTrader] [34mTrading iteration ended at 2024-05-31 17:09:57[0m
2024-05-31 17:09:57,211: asyncio: INFO: [MLTrader] [34mSleeping for 1800 seconds[0m
2024-05-31 17:09:57,212: root: INFO: Current backtesting datetime 2023-05-16 15:30:00-04:00
2024-05-31 17:09:57,213: asyncio: INFO: [MLTrader] [34mExecuting the on_trading_iteration lifecycle method at 2024-05-31 17:09:57[0m
2024-05-31 17:09:57,213: asyncio: INFO: [MLTrader] [34mTrading iteration ended at 2024-05-31 17:09:57[0m
2024-05-31 17:09:57,213: asyncio: INFO: [MLTrader] [34mSleeping for 1800 seconds[0m
2024-05-31 17:09:57,214: root: INFO: Current backtesting datetime 2023-05-16 16:00:00-04:00
2024-05-31 17:09:57,214: asyncio: INFO: [MLTrader] [34mThe market is not currently open, skipping this trading iteration[0m
2024-05-31 17:09:57,216: root: INFO: Current backtesting datetime 2023-05-16 15:59:00-04:00
2024-05-31 17:09:57,216: asyncio: INFO: [MLTrader] Executing the before_market_closes lifecycle method
2024-05-31 17:09:57,216: root: INFO: Current backtesting datetime 2023-05-16 16:00:00-04:00
2024-05-31 17:09:57,216: asyncio: INFO: [MLTrader] Executing the after_market_closes lifecycle method
2024-05-31 17:09:57,217: root: INFO: Current backtesting datetime 2023-05-17 08:30:00-04:00
2024-05-31 17:09:57,217: asyncio: INFO: [MLTrader] Executing the before_market_opens lifecycle method
2024-05-31 17:09:57,218: root: INFO: Current backtesting datetime 2023-05-17 09:30:00-04:00
2024-05-31 17:09:57,218: asyncio: INFO: [MLTrader] Executing the before_starting_trading lifecycle method
2024-05-31 17:09:57,219: asyncio: INFO: [MLTrader] [34mExecuting the on_trading_iteration lifecycle method at 2024-05-31 17:09:57[0m
2024-05-31 17:09:57,219: asyncio: INFO: [MLTrader] [34mTrading iteration ended at 2024-05-31 17:09:57[0m
2024-05-31 17:09:57,219: asyncio: INFO: [MLTrader] [34mSleeping for 1800 seconds[0m
2024-05-31 17:09:57,221: root: INFO: Current backtesting datetime 2023-05-17 10:00:00-04:00
2024-05-31 17:09:57,221: asyncio: INFO: [MLTrader] [34mExecuting the on_trading_iteration lifecycle method at 2024-05-31 17:09:57[0m
2024-05-31 17:09:57,222: asyncio: INFO: [MLTrader] [34mTrading iteration ended at 2024-05-31 17:09:57[0m
2024-05-31 17:09:57,222: asyncio: INFO: [MLTrader] [34mSleeping for 1800 seconds[0m
2024-05-31 17:09:57,223: root: INFO: Current backtesting datetime 2023-05-17 10:30:00-04:00
2024-05-31 17:09:57,223: asyncio: INFO: [MLTrader] [34mExecuting the on_trading_iteration lifecycle method at 2024-05-31 17:09:57[0m
2024-05-31 17:09:57,224: asyncio: INFO: [MLTrader] [34mTrading iteration ended at 2024-05-31 17:09:57[0m
2024-05-31 17:09:57,224: asyncio: INFO: [MLTrader] [34mSleeping for 1800 seconds[0m
2024-05-31 17:09:57,225: root: INFO: Current backtesting datetime 2023-05-17 11:00:00-04:00
2024-05-31 17:09:57,225: asyncio: INFO: [MLTrader] [34mExecuting the on_trading_iteration lifecycle method at 2024-05-31 17:09:57[0m
2024-05-31 17:09:57,226: asyncio: INFO: [MLTrader] [34mTrading iteration ended at 2024-05-31 17:09:57[0m
2024-05-31 17:09:57,226: asyncio: INFO: [MLTrader] [34mSleeping for 1800 seconds[0m
2024-05-31 17:09:57,227: root: INFO: Current backtesting datetime 2023-05-17 11:30:00-04:00
2024-05-31 17:09:57,227: asyncio: INFO: [MLTrader] [34mExecuting the on_trading_iteration lifecycle method at 2024-05-31 17:09:57[0m
2024-05-31 17:09:57,227: asyncio: INFO: [MLTrader] [34mTrading iteration ended at 2024-05-31 17:09:57[0m
2024-05-31 17:09:57,228: asyncio: INFO: [MLTrader] [34mSleeping for 1800 seconds[0m
2024-05-31 17:09:57,229: root: INFO: Current backtesting datetime 2023-05-17 12:00:00-04:00
2024-05-31 17:09:57,229: asyncio: INFO: [MLTrader] [34mExecuting the on_trading_iteration lifecycle method at 2024-05-31 17:09:57[0m
2024-05-31 17:09:57,229: asyncio: INFO: [MLTrader] [34mTrading iteration ended at 2024-05-31 17:09:57[0m
2024-05-31 17:09:57,230: asyncio: INFO: [MLTrader] [34mSleeping for 1800 seconds[0m
2024-05-31 17:09:57,231: root: INFO: Current backtesting datetime 2023-05-17 12:30:00-04:00
2024-05-31 17:09:57,231: asyncio: INFO: [MLTrader] [34mExecuting the on_trading_iteration lifecycle method at 2024-05-31 17:09:57[0m
2024-05-31 17:09:57,231: asyncio: INFO: [MLTrader] [34mTrading iteration ended at 2024-05-31 17:09:57[0m
2024-05-31 17:09:57,233: asyncio: INFO: [MLTrader] [34mSleeping for 1800 seconds[0m
2024-05-31 17:09:57,233: root: INFO: Current backtesting datetime 2023-05-17 13:00:00-04:00
2024-05-31 17:09:57,234: asyncio: INFO: [MLTrader] [34mExecuting the on_trading_iteration lifecycle method at 2024-05-31 17:09:57[0m
2024-05-31 17:09:57,234: asyncio: INFO: [MLTrader] [34mTrading iteration ended at 2024-05-31 17:09:57[0m
2024-05-31 17:09:57,235: asyncio: INFO: [MLTrader] [34mSleeping for 1800 seconds[0m
2024-05-31 17:09:57,235: root: INFO: Current backtesting datetime 2023-05-17 13:30:00-04:00
2024-05-31 17:09:57,236: asyncio: INFO: [MLTrader] [34mExecuting the on_trading_iteration lifecycle method at 2024-05-31 17:09:57[0m
2024-05-31 17:09:57,237: asyncio: INFO: [MLTrader] [34mTrading iteration ended at 2024-05-31 17:09:57[0m
2024-05-31 17:09:57,238: asyncio: INFO: [MLTrader] [34mSleeping for 1800 seconds[0m
2024-05-31 17:09:57,238: root: INFO: Current backtesting datetime 2023-05-17 14:00:00-04:00
2024-05-31 17:09:57,239: asyncio: INFO: [MLTrader] [34mExecuting the on_trading_iteration lifecycle method at 2024-05-31 17:09:57[0m
2024-05-31 17:09:57,239: asyncio: INFO: [MLTrader] [34mTrading iteration ended at 2024-05-31 17:09:57[0m
2024-05-31 17:09:57,240: asyncio: INFO: [MLTrader] [34mSleeping for 1800 seconds[0m
2024-05-31 17:09:57,240: root: INFO: Current backtesting datetime 2023-05-17 14:30:00-04:00
2024-05-31 17:09:57,241: asyncio: INFO: [MLTrader] [34mExecuting the on_trading_iteration lifecycle method at 2024-05-31 17:09:57[0m
2024-05-31 17:09:57,241: asyncio: INFO: [MLTrader] [34mTrading iteration ended at 2024-05-31 17:09:57[0m
2024-05-31 17:09:57,242: asyncio: INFO: [MLTrader] [34mSleeping for 1800 seconds[0m
2024-05-31 17:09:57,242: root: INFO: Current backtesting datetime 2023-05-17 15:00:00-04:00
2024-05-31 17:09:57,243: asyncio: INFO: [MLTrader] [34mExecuting the on_trading_iteration lifecycle method at 2024-05-31 17:09:57[0m
2024-05-31 17:09:57,243: asyncio: INFO: [MLTrader] [34mTrading iteration ended at 2024-05-31 17:09:57[0m
2024-05-31 17:09:57,244: asyncio: INFO: [MLTrader] [34mSleeping for 1800 seconds[0m
2024-05-31 17:09:57,244: root: INFO: Current backtesting datetime 2023-05-17 15:30:00-04:00
2024-05-31 17:09:57,245: asyncio: INFO: [MLTrader] [34mExecuting the on_trading_iteration lifecycle method at 2024-05-31 17:09:57[0m
2024-05-31 17:09:57,245: asyncio: INFO: [MLTrader] [34mTrading iteration ended at 2024-05-31 17:09:57[0m
2024-05-31 17:09:57,246: asyncio: INFO: [MLTrader] [34mSleeping for 1800 seconds[0m
2024-05-31 17:09:57,247: root: INFO: Current backtesting datetime 2023-05-17 16:00:00-04:00
2024-05-31 17:09:57,248: asyncio: INFO: [MLTrader] [34mThe market is not currently open, skipping this trading iteration[0m
2024-05-31 17:09:57,249: root: INFO: Current backtesting datetime 2023-05-17 15:59:00-04:00
2024-05-31 17:09:57,249: asyncio: INFO: [MLTrader] Executing the before_market_closes lifecycle method
2024-05-31 17:09:57,250: root: INFO: Current backtesting datetime 2023-05-17 16:00:00-04:00
2024-05-31 17:09:57,250: asyncio: INFO: [MLTrader] Executing the after_market_closes lifecycle method
2024-05-31 17:09:57,250: root: INFO: Current backtesting datetime 2023-05-18 08:30:00-04:00
2024-05-31 17:09:57,251: asyncio: INFO: [MLTrader] Executing the before_market_opens lifecycle method
2024-05-31 17:09:57,251: root: INFO: Current backtesting datetime 2023-05-18 09:30:00-04:00
2024-05-31 17:09:57,251: asyncio: INFO: [MLTrader] Executing the before_starting_trading lifecycle method
2024-05-31 17:09:57,252: asyncio: INFO: [MLTrader] [34mExecuting the on_trading_iteration lifecycle method at 2024-05-31 17:09:57[0m
2024-05-31 17:09:57,252: asyncio: INFO: [MLTrader] [34mTrading iteration ended at 2024-05-31 17:09:57[0m
2024-05-31 17:09:57,253: asyncio: INFO: [MLTrader] [34mSleeping for 1800 seconds[0m
2024-05-31 17:09:57,253: root: INFO: Current backtesting datetime 2023-05-18 10:00:00-04:00
2024-05-31 17:09:57,254: asyncio: INFO: [MLTrader] [34mExecuting the on_trading_iteration lifecycle method at 2024-05-31 17:09:57[0m
2024-05-31 17:09:57,254: asyncio: INFO: [MLTrader] [34mTrading iteration ended at 2024-05-31 17:09:57[0m
2024-05-31 17:09:57,255: asyncio: INFO: [MLTrader] [34mSleeping for 1800 seconds[0m
2024-05-31 17:09:57,255: root: INFO: Current backtesting datetime 2023-05-18 10:30:00-04:00
2024-05-31 17:09:57,256: asyncio: INFO: [MLTrader] [34mExecuting the on_trading_iteration lifecycle method at 2024-05-31 17:09:57[0m
2024-05-31 17:09:57,256: asyncio: INFO: [MLTrader] [34mTrading iteration ended at 2024-05-31 17:09:57[0m
2024-05-31 17:09:57,256: asyncio: INFO: [MLTrader] [34mSleeping for 1800 seconds[0m
2024-05-31 17:09:57,257: root: INFO: Current backtesting datetime 2023-05-18 11:00:00-04:00
2024-05-31 17:09:57,257: asyncio: INFO: [MLTrader] [34mExecuting the on_trading_iteration lifecycle method at 2024-05-31 17:09:57[0m
2024-05-31 17:09:57,258: asyncio: INFO: [MLTrader] [34mTrading iteration ended at 2024-05-31 17:09:57[0m
2024-05-31 17:09:57,258: asyncio: INFO: [MLTrader] [34mSleeping for 1800 seconds[0m
2024-05-31 17:09:57,259: root: INFO: Current backtesting datetime 2023-05-18 11:30:00-04:00
2024-05-31 17:09:57,259: asyncio: INFO: [MLTrader] [34mExecuting the on_trading_iteration lifecycle method at 2024-05-31 17:09:57[0m
2024-05-31 17:09:57,259: asyncio: INFO: [MLTrader] [34mTrading iteration ended at 2024-05-31 17:09:57[0m
2024-05-31 17:09:57,260: asyncio: INFO: [MLTrader] [34mSleeping for 1800 seconds[0m
2024-05-31 17:09:57,261: root: INFO: Current backtesting datetime 2023-05-18 12:00:00-04:00
2024-05-31 17:09:57,261: asyncio: INFO: [MLTrader] [34mExecuting the on_trading_iteration lifecycle method at 2024-05-31 17:09:57[0m
2024-05-31 17:09:57,261: asyncio: INFO: [MLTrader] [34mTrading iteration ended at 2024-05-31 17:09:57[0m
2024-05-31 17:09:57,261: asyncio: INFO: [MLTrader] [34mSleeping for 1800 seconds[0m
2024-05-31 17:09:57,263: root: INFO: Current backtesting datetime 2023-05-18 12:30:00-04:00
2024-05-31 17:09:57,264: asyncio: INFO: [MLTrader] [34mExecuting the on_trading_iteration lifecycle method at 2024-05-31 17:09:57[0m
2024-05-31 17:09:57,264: asyncio: INFO: [MLTrader] [34mTrading iteration ended at 2024-05-31 17:09:57[0m
2024-05-31 17:09:57,264: asyncio: INFO: [MLTrader] [34mSleeping for 1800 seconds[0m
2024-05-31 17:09:57,265: root: INFO: Current backtesting datetime 2023-05-18 13:00:00-04:00
2024-05-31 17:09:57,265: asyncio: INFO: [MLTrader] [34mExecuting the on_trading_iteration lifecycle method at 2024-05-31 17:09:57[0m
2024-05-31 17:09:57,266: asyncio: INFO: [MLTrader] [34mTrading iteration ended at 2024-05-31 17:09:57[0m
2024-05-31 17:09:57,266: asyncio: INFO: [MLTrader] [34mSleeping for 1800 seconds[0m
2024-05-31 17:09:57,266: root: INFO: Current backtesting datetime 2023-05-18 13:30:00-04:00
2024-05-31 17:09:57,267: asyncio: INFO: [MLTrader] [34mExecuting the on_trading_iteration lifecycle method at 2024-05-31 17:09:57[0m
2024-05-31 17:09:57,267: asyncio: INFO: [MLTrader] [34mTrading iteration ended at 2024-05-31 17:09:57[0m
2024-05-31 17:09:57,268: asyncio: INFO: [MLTrader] [34mSleeping for 1800 seconds[0m
2024-05-31 17:09:57,269: root: INFO: Current backtesting datetime 2023-05-18 14:00:00-04:00
2024-05-31 17:09:57,269: asyncio: INFO: [MLTrader] [34mExecuting the on_trading_iteration lifecycle method at 2024-05-31 17:09:57[0m
2024-05-31 17:09:57,269: asyncio: INFO: [MLTrader] [34mTrading iteration ended at 2024-05-31 17:09:57[0m
2024-05-31 17:09:57,270: asyncio: INFO: [MLTrader] [34mSleeping for 1800 seconds[0m
2024-05-31 17:09:57,270: root: INFO: Current backtesting datetime 2023-05-18 14:30:00-04:00
2024-05-31 17:09:57,271: asyncio: INFO: [MLTrader] [34mExecuting the on_trading_iteration lifecycle method at 2024-05-31 17:09:57[0m
2024-05-31 17:09:57,271: asyncio: INFO: [MLTrader] [34mTrading iteration ended at 2024-05-31 17:09:57[0m
2024-05-31 17:09:57,271: asyncio: INFO: [MLTrader] [34mSleeping for 1800 seconds[0m
2024-05-31 17:09:57,273: root: INFO: Current backtesting datetime 2023-05-18 15:00:00-04:00
2024-05-31 17:09:57,273: asyncio: INFO: [MLTrader] [34mExecuting the on_trading_iteration lifecycle method at 2024-05-31 17:09:57[0m
2024-05-31 17:09:57,273: asyncio: INFO: [MLTrader] [34mTrading iteration ended at 2024-05-31 17:09:57[0m
2024-05-31 17:09:57,274: asyncio: INFO: [MLTrader] [34mSleeping for 1800 seconds[0m
2024-05-31 17:09:57,274: root: INFO: Current backtesting datetime 2023-05-18 15:30:00-04:00
2024-05-31 17:09:57,274: asyncio: INFO: [MLTrader] [34mExecuting the on_trading_iteration lifecycle method at 2024-05-31 17:09:57[0m
2024-05-31 17:09:57,276: asyncio: INFO: [MLTrader] [34mTrading iteration ended at 2024-05-31 17:09:57[0m
2024-05-31 17:09:57,276: asyncio: INFO: [MLTrader] [34mSleeping for 1800 seconds[0m
2024-05-31 17:09:57,277: root: INFO: Current backtesting datetime 2023-05-18 16:00:00-04:00
2024-05-31 17:09:57,277: asyncio: INFO: [MLTrader] [34mThe market is not currently open, skipping this trading iteration[0m
2024-05-31 17:09:57,278: root: INFO: Current backtesting datetime 2023-05-18 15:59:00-04:00
2024-05-31 17:09:57,279: asyncio: INFO: [MLTrader] Executing the before_market_closes lifecycle method
2024-05-31 17:09:57,279: root: INFO: Current backtesting datetime 2023-05-18 16:00:00-04:00
2024-05-31 17:09:57,279: asyncio: INFO: [MLTrader] Executing the after_market_closes lifecycle method
2024-05-31 17:09:57,280: root: INFO: Current backtesting datetime 2023-05-19 08:30:00-04:00
2024-05-31 17:09:57,280: asyncio: INFO: [MLTrader] Executing the before_market_opens lifecycle method
2024-05-31 17:09:57,281: root: INFO: Current backtesting datetime 2023-05-19 09:30:00-04:00
2024-05-31 17:09:57,281: asyncio: INFO: [MLTrader] Executing the before_starting_trading lifecycle method
2024-05-31 17:09:57,282: asyncio: INFO: [MLTrader] [34mExecuting the on_trading_iteration lifecycle method at 2024-05-31 17:09:57[0m
2024-05-31 17:09:57,282: asyncio: INFO: [MLTrader] [34mTrading iteration ended at 2024-05-31 17:09:57[0m
2024-05-31 17:09:57,282: asyncio: INFO: [MLTrader] [34mSleeping for 1800 seconds[0m
2024-05-31 17:09:57,283: root: INFO: Current backtesting datetime 2023-05-19 10:00:00-04:00
2024-05-31 17:09:57,284: asyncio: INFO: [MLTrader] [34mExecuting the on_trading_iteration lifecycle method at 2024-05-31 17:09:57[0m
2024-05-31 17:09:57,284: asyncio: INFO: [MLTrader] [34mTrading iteration ended at 2024-05-31 17:09:57[0m
2024-05-31 17:09:57,285: asyncio: INFO: [MLTrader] [34mSleeping for 1800 seconds[0m
2024-05-31 17:09:57,285: root: INFO: Current backtesting datetime 2023-05-19 10:30:00-04:00
2024-05-31 17:09:57,286: asyncio: INFO: [MLTrader] [34mExecuting the on_trading_iteration lifecycle method at 2024-05-31 17:09:57[0m
2024-05-31 17:09:57,286: asyncio: INFO: [MLTrader] [34mTrading iteration ended at 2024-05-31 17:09:57[0m
2024-05-31 17:09:57,286: asyncio: INFO: [MLTrader] [34mSleeping for 1800 seconds[0m
2024-05-31 17:09:57,287: root: INFO: Current backtesting datetime 2023-05-19 11:00:00-04:00
2024-05-31 17:09:57,287: asyncio: INFO: [MLTrader] [34mExecuting the on_trading_iteration lifecycle method at 2024-05-31 17:09:57[0m
2024-05-31 17:09:57,288: asyncio: INFO: [MLTrader] [34mTrading iteration ended at 2024-05-31 17:09:57[0m
2024-05-31 17:09:57,288: asyncio: INFO: [MLTrader] [34mSleeping for 1800 seconds[0m
2024-05-31 17:09:57,289: root: INFO: Current backtesting datetime 2023-05-19 11:30:00-04:00
2024-05-31 17:09:57,289: asyncio: INFO: [MLTrader] [34mExecuting the on_trading_iteration lifecycle method at 2024-05-31 17:09:57[0m
2024-05-31 17:09:57,290: asyncio: INFO: [MLTrader] [34mTrading iteration ended at 2024-05-31 17:09:57[0m
2024-05-31 17:09:57,290: asyncio: INFO: [MLTrader] [34mSleeping for 1800 seconds[0m
2024-05-31 17:09:57,291: root: INFO: Current backtesting datetime 2023-05-19 12:00:00-04:00
2024-05-31 17:09:57,291: asyncio: INFO: [MLTrader] [34mExecuting the on_trading_iteration lifecycle method at 2024-05-31 17:09:57[0m
2024-05-31 17:09:57,292: asyncio: INFO: [MLTrader] [34mTrading iteration ended at 2024-05-31 17:09:57[0m
2024-05-31 17:09:57,292: asyncio: INFO: [MLTrader] [34mSleeping for 1800 seconds[0m
2024-05-31 17:09:57,293: root: INFO: Current backtesting datetime 2023-05-19 12:30:00-04:00
2024-05-31 17:09:57,293: asyncio: INFO: [MLTrader] [34mExecuting the on_trading_iteration lifecycle method at 2024-05-31 17:09:57[0m
2024-05-31 17:09:57,293: asyncio: INFO: [MLTrader] [34mTrading iteration ended at 2024-05-31 17:09:57[0m
2024-05-31 17:09:57,294: asyncio: INFO: [MLTrader] [34mSleeping for 1800 seconds[0m
2024-05-31 17:09:57,294: root: INFO: Current backtesting datetime 2023-05-19 13:00:00-04:00
2024-05-31 17:09:57,294: asyncio: INFO: [MLTrader] [34mExecuting the on_trading_iteration lifecycle method at 2024-05-31 17:09:57[0m
2024-05-31 17:09:57,294: asyncio: INFO: [MLTrader] [34mTrading iteration ended at 2024-05-31 17:09:57[0m
2024-05-31 17:09:57,294: asyncio: INFO: [MLTrader] [34mSleeping for 1800 seconds[0m
2024-05-31 17:09:57,296: root: INFO: Current backtesting datetime 2023-05-19 13:30:00-04:00
2024-05-31 17:09:57,297: asyncio: INFO: [MLTrader] [34mExecuting the on_trading_iteration lifecycle method at 2024-05-31 17:09:57[0m
2024-05-31 17:09:57,297: asyncio: INFO: [MLTrader] [34mTrading iteration ended at 2024-05-31 17:09:57[0m
2024-05-31 17:09:57,297: asyncio: INFO: [MLTrader] [34mSleeping for 1800 seconds[0m
2024-05-31 17:09:57,298: root: INFO: Current backtesting datetime 2023-05-19 14:00:00-04:00
2024-05-31 17:09:57,298: asyncio: INFO: [MLTrader] [34mExecuting the on_trading_iteration lifecycle method at 2024-05-31 17:09:57[0m
2024-05-31 17:09:57,299: asyncio: INFO: [MLTrader] [34mTrading iteration ended at 2024-05-31 17:09:57[0m
2024-05-31 17:09:57,299: asyncio: INFO: [MLTrader] [34mSleeping for 1800 seconds[0m
2024-05-31 17:09:57,300: root: INFO: Current backtesting datetime 2023-05-19 14:30:00-04:00
2024-05-31 17:09:57,301: asyncio: INFO: [MLTrader] [34mExecuting the on_trading_iteration lifecycle method at 2024-05-31 17:09:57[0m
2024-05-31 17:09:57,301: asyncio: INFO: [MLTrader] [34mTrading iteration ended at 2024-05-31 17:09:57[0m
2024-05-31 17:09:57,301: asyncio: INFO: [MLTrader] [34mSleeping for 1800 seconds[0m
2024-05-31 17:09:57,302: root: INFO: Current backtesting datetime 2023-05-19 15:00:00-04:00
2024-05-31 17:09:57,302: asyncio: INFO: [MLTrader] [34mExecuting the on_trading_iteration lifecycle method at 2024-05-31 17:09:57[0m
2024-05-31 17:09:57,303: asyncio: INFO: [MLTrader] [34mTrading iteration ended at 2024-05-31 17:09:57[0m
2024-05-31 17:09:57,303: asyncio: INFO: [MLTrader] [34mSleeping for 1800 seconds[0m
2024-05-31 17:09:57,303: root: INFO: Current backtesting datetime 2023-05-19 15:30:00-04:00
2024-05-31 17:09:57,304: asyncio: INFO: [MLTrader] [34mExecuting the on_trading_iteration lifecycle method at 2024-05-31 17:09:57[0m
2024-05-31 17:09:57,304: asyncio: INFO: [MLTrader] [34mTrading iteration ended at 2024-05-31 17:09:57[0m
2024-05-31 17:09:57,305: asyncio: INFO: [MLTrader] [34mSleeping for 1800 seconds[0m
2024-05-31 17:09:57,306: root: INFO: Current backtesting datetime 2023-05-19 16:00:00-04:00
2024-05-31 17:09:57,306: asyncio: INFO: [MLTrader] [34mThe market is not currently open, skipping this trading iteration[0m
2024-05-31 17:09:57,307: root: INFO: Current backtesting datetime 2023-05-19 15:59:00-04:00
2024-05-31 17:09:57,307: asyncio: INFO: [MLTrader] Executing the before_market_closes lifecycle method
2024-05-31 17:09:57,308: root: INFO: Current backtesting datetime 2023-05-19 16:00:00-04:00
2024-05-31 17:09:57,308: asyncio: INFO: [MLTrader] Executing the after_market_closes lifecycle method
2024-05-31 17:09:57,308: root: INFO: Current backtesting datetime 2023-05-22 08:30:00-04:00
2024-05-31 17:09:57,309: asyncio: INFO: [MLTrader] Executing the before_market_opens lifecycle method
2024-05-31 17:09:57,309: root: INFO: Current backtesting datetime 2023-05-22 09:30:00-04:00
2024-05-31 17:09:57,309: asyncio: INFO: [MLTrader] Executing the before_starting_trading lifecycle method
2024-05-31 17:09:57,310: asyncio: INFO: [MLTrader] [34mExecuting the on_trading_iteration lifecycle method at 2024-05-31 17:09:57[0m
2024-05-31 17:09:57,310: asyncio: INFO: [MLTrader] [34mTrading iteration ended at 2024-05-31 17:09:57[0m
2024-05-31 17:09:57,311: asyncio: INFO: [MLTrader] [34mSleeping for 1800 seconds[0m
2024-05-31 17:09:57,312: root: INFO: Current backtesting datetime 2023-05-22 10:00:00-04:00
2024-05-31 17:09:57,312: asyncio: INFO: [MLTrader] [34mExecuting the on_trading_iteration lifecycle method at 2024-05-31 17:09:57[0m
2024-05-31 17:09:57,312: asyncio: INFO: [MLTrader] [34mTrading iteration ended at 2024-05-31 17:09:57[0m
2024-05-31 17:09:57,313: asyncio: INFO: [MLTrader] [34mSleeping for 1800 seconds[0m
2024-05-31 17:09:57,313: root: INFO: Current backtesting datetime 2023-05-22 10:30:00-04:00
2024-05-31 17:09:57,313: asyncio: INFO: [MLTrader] [34mExecuting the on_trading_iteration lifecycle method at 2024-05-31 17:09:57[0m
2024-05-31 17:09:57,313: asyncio: INFO: [MLTrader] [34mTrading iteration ended at 2024-05-31 17:09:57[0m
2024-05-31 17:09:57,314: asyncio: INFO: [MLTrader] [34mSleeping for 1800 seconds[0m
2024-05-31 17:09:57,315: root: INFO: Current backtesting datetime 2023-05-22 11:00:00-04:00
2024-05-31 17:09:57,315: asyncio: INFO: [MLTrader] [34mExecuting the on_trading_iteration lifecycle method at 2024-05-31 17:09:57[0m
2024-05-31 17:09:57,316: asyncio: INFO: [MLTrader] [34mTrading iteration ended at 2024-05-31 17:09:57[0m
2024-05-31 17:09:57,317: asyncio: INFO: [MLTrader] [34mSleeping for 1800 seconds[0m
2024-05-31 17:09:57,318: root: INFO: Current backtesting datetime 2023-05-22 11:30:00-04:00
2024-05-31 17:09:57,318: asyncio: INFO: [MLTrader] [34mExecuting the on_trading_iteration lifecycle method at 2024-05-31 17:09:57[0m
2024-05-31 17:09:57,319: asyncio: INFO: [MLTrader] [34mTrading iteration ended at 2024-05-31 17:09:57[0m
2024-05-31 17:09:57,319: asyncio: INFO: [MLTrader] [34mSleeping for 1800 seconds[0m
2024-05-31 17:09:57,320: root: INFO: Current backtesting datetime 2023-05-22 12:00:00-04:00
2024-05-31 17:09:57,320: asyncio: INFO: [MLTrader] [34mExecuting the on_trading_iteration lifecycle method at 2024-05-31 17:09:57[0m
2024-05-31 17:09:57,320: asyncio: INFO: [MLTrader] [34mTrading iteration ended at 2024-05-31 17:09:57[0m
2024-05-31 17:09:57,321: asyncio: INFO: [MLTrader] [34mSleeping for 1800 seconds[0m
2024-05-31 17:09:57,322: root: INFO: Current backtesting datetime 2023-05-22 12:30:00-04:00
2024-05-31 17:09:57,322: asyncio: INFO: [MLTrader] [34mExecuting the on_trading_iteration lifecycle method at 2024-05-31 17:09:57[0m
2024-05-31 17:09:57,323: asyncio: INFO: [MLTrader] [34mTrading iteration ended at 2024-05-31 17:09:57[0m
2024-05-31 17:09:57,323: asyncio: INFO: [MLTrader] [34mSleeping for 1800 seconds[0m
2024-05-31 17:09:57,324: root: INFO: Current backtesting datetime 2023-05-22 13:00:00-04:00
2024-05-31 17:09:57,324: asyncio: INFO: [MLTrader] [34mExecuting the on_trading_iteration lifecycle method at 2024-05-31 17:09:57[0m
2024-05-31 17:09:57,324: asyncio: INFO: [MLTrader] [34mTrading iteration ended at 2024-05-31 17:09:57[0m
2024-05-31 17:09:57,326: asyncio: INFO: [MLTrader] [34mSleeping for 1800 seconds[0m
2024-05-31 17:09:57,326: root: INFO: Current backtesting datetime 2023-05-22 13:30:00-04:00
2024-05-31 17:09:57,326: asyncio: INFO: [MLTrader] [34mExecuting the on_trading_iteration lifecycle method at 2024-05-31 17:09:57[0m
2024-05-31 17:09:57,326: asyncio: INFO: [MLTrader] [34mTrading iteration ended at 2024-05-31 17:09:57[0m
2024-05-31 17:09:57,327: asyncio: INFO: [MLTrader] [34mSleeping for 1800 seconds[0m
2024-05-31 17:09:57,328: root: INFO: Current backtesting datetime 2023-05-22 14:00:00-04:00
2024-05-31 17:09:57,328: asyncio: INFO: [MLTrader] [34mExecuting the on_trading_iteration lifecycle method at 2024-05-31 17:09:57[0m
2024-05-31 17:09:57,328: asyncio: INFO: [MLTrader] [34mTrading iteration ended at 2024-05-31 17:09:57[0m
2024-05-31 17:09:57,329: asyncio: INFO: [MLTrader] [34mSleeping for 1800 seconds[0m
2024-05-31 17:09:57,330: root: INFO: Current backtesting datetime 2023-05-22 14:30:00-04:00
2024-05-31 17:09:57,330: asyncio: INFO: [MLTrader] [34mExecuting the on_trading_iteration lifecycle method at 2024-05-31 17:09:57[0m
2024-05-31 17:09:57,330: asyncio: INFO: [MLTrader] [34mTrading iteration ended at 2024-05-31 17:09:57[0m
2024-05-31 17:09:57,331: asyncio: INFO: [MLTrader] [34mSleeping for 1800 seconds[0m
2024-05-31 17:09:57,332: root: INFO: Current backtesting datetime 2023-05-22 15:00:00-04:00
2024-05-31 17:09:57,332: asyncio: INFO: [MLTrader] [34mExecuting the on_trading_iteration lifecycle method at 2024-05-31 17:09:57[0m
2024-05-31 17:09:57,332: asyncio: INFO: [MLTrader] [34mTrading iteration ended at 2024-05-31 17:09:57[0m
2024-05-31 17:09:57,333: asyncio: INFO: [MLTrader] [34mSleeping for 1800 seconds[0m
2024-05-31 17:09:57,333: root: INFO: Current backtesting datetime 2023-05-22 15:30:00-04:00
2024-05-31 17:09:57,334: asyncio: INFO: [MLTrader] [34mExecuting the on_trading_iteration lifecycle method at 2024-05-31 17:09:57[0m
2024-05-31 17:09:57,334: asyncio: INFO: [MLTrader] [34mTrading iteration ended at 2024-05-31 17:09:57[0m
2024-05-31 17:09:57,334: asyncio: INFO: [MLTrader] [34mSleeping for 1800 seconds[0m
2024-05-31 17:09:57,336: root: INFO: Current backtesting datetime 2023-05-22 16:00:00-04:00
2024-05-31 17:09:57,336: asyncio: INFO: [MLTrader] [34mThe market is not currently open, skipping this trading iteration[0m
2024-05-31 17:09:57,337: root: INFO: Current backtesting datetime 2023-05-22 15:59:00-04:00
2024-05-31 17:09:57,337: asyncio: INFO: [MLTrader] Executing the before_market_closes lifecycle method
2024-05-31 17:09:57,338: root: INFO: Current backtesting datetime 2023-05-22 16:00:00-04:00
2024-05-31 17:09:57,338: asyncio: INFO: [MLTrader] Executing the after_market_closes lifecycle method
2024-05-31 17:09:57,338: root: INFO: Current backtesting datetime 2023-05-23 08:30:00-04:00
2024-05-31 17:09:57,339: asyncio: INFO: [MLTrader] Executing the before_market_opens lifecycle method
2024-05-31 17:09:57,339: root: INFO: Current backtesting datetime 2023-05-23 09:30:00-04:00
2024-05-31 17:09:57,339: asyncio: INFO: [MLTrader] Executing the before_starting_trading lifecycle method
2024-05-31 17:09:57,340: asyncio: INFO: [MLTrader] [34mExecuting the on_trading_iteration lifecycle method at 2024-05-31 17:09:57[0m
2024-05-31 17:09:57,340: asyncio: INFO: [MLTrader] [34mTrading iteration ended at 2024-05-31 17:09:57[0m
2024-05-31 17:09:57,341: asyncio: INFO: [MLTrader] [34mSleeping for 1800 seconds[0m
2024-05-31 17:09:57,342: root: INFO: Current backtesting datetime 2023-05-23 10:00:00-04:00
2024-05-31 17:09:57,342: asyncio: INFO: [MLTrader] [34mExecuting the on_trading_iteration lifecycle method at 2024-05-31 17:09:57[0m
2024-05-31 17:09:57,342: asyncio: INFO: [MLTrader] [34mTrading iteration ended at 2024-05-31 17:09:57[0m
2024-05-31 17:09:57,343: asyncio: INFO: [MLTrader] [34mSleeping for 1800 seconds[0m
2024-05-31 17:09:57,344: root: INFO: Current backtesting datetime 2023-05-23 10:30:00-04:00
2024-05-31 17:09:57,344: asyncio: INFO: [MLTrader] [34mExecuting the on_trading_iteration lifecycle method at 2024-05-31 17:09:57[0m
2024-05-31 17:09:57,344: asyncio: INFO: [MLTrader] [34mTrading iteration ended at 2024-05-31 17:09:57[0m
2024-05-31 17:09:57,345: asyncio: INFO: [MLTrader] [34mSleeping for 1800 seconds[0m
2024-05-31 17:09:57,346: root: INFO: Current backtesting datetime 2023-05-23 11:00:00-04:00
2024-05-31 17:09:57,347: asyncio: INFO: [MLTrader] [34mExecuting the on_trading_iteration lifecycle method at 2024-05-31 17:09:57[0m
2024-05-31 17:09:57,347: asyncio: INFO: [MLTrader] [34mTrading iteration ended at 2024-05-31 17:09:57[0m
2024-05-31 17:09:57,347: asyncio: INFO: [MLTrader] [34mSleeping for 1800 seconds[0m
2024-05-31 17:09:57,348: root: INFO: Current backtesting datetime 2023-05-23 11:30:00-04:00
2024-05-31 17:09:57,349: asyncio: INFO: [MLTrader] [34mExecuting the on_trading_iteration lifecycle method at 2024-05-31 17:09:57[0m
2024-05-31 17:09:57,349: asyncio: INFO: [MLTrader] [34mTrading iteration ended at 2024-05-31 17:09:57[0m
2024-05-31 17:09:57,349: asyncio: INFO: [MLTrader] [34mSleeping for 1800 seconds[0m
2024-05-31 17:09:57,350: root: INFO: Current backtesting datetime 2023-05-23 12:00:00-04:00
2024-05-31 17:09:57,350: asyncio: INFO: [MLTrader] [34mExecuting the on_trading_iteration lifecycle method at 2024-05-31 17:09:57[0m
2024-05-31 17:09:57,351: asyncio: INFO: [MLTrader] [34mTrading iteration ended at 2024-05-31 17:09:57[0m
2024-05-31 17:09:57,351: asyncio: INFO: [MLTrader] [34mSleeping for 1800 seconds[0m
2024-05-31 17:09:57,352: root: INFO: Current backtesting datetime 2023-05-23 12:30:00-04:00
2024-05-31 17:09:57,353: asyncio: INFO: [MLTrader] [34mExecuting the on_trading_iteration lifecycle method at 2024-05-31 17:09:57[0m
2024-05-31 17:09:57,353: asyncio: INFO: [MLTrader] [34mTrading iteration ended at 2024-05-31 17:09:57[0m
2024-05-31 17:09:57,353: asyncio: INFO: [MLTrader] [34mSleeping for 1800 seconds[0m
2024-05-31 17:09:57,354: root: INFO: Current backtesting datetime 2023-05-23 13:00:00-04:00
2024-05-31 17:09:57,355: asyncio: INFO: [MLTrader] [34mExecuting the on_trading_iteration lifecycle method at 2024-05-31 17:09:57[0m
2024-05-31 17:09:57,355: asyncio: INFO: [MLTrader] [34mTrading iteration ended at 2024-05-31 17:09:57[0m
2024-05-31 17:09:57,355: asyncio: INFO: [MLTrader] [34mSleeping for 1800 seconds[0m
2024-05-31 17:09:57,356: root: INFO: Current backtesting datetime 2023-05-23 13:30:00-04:00
2024-05-31 17:09:57,357: asyncio: INFO: [MLTrader] [34mExecuting the on_trading_iteration lifecycle method at 2024-05-31 17:09:57[0m
2024-05-31 17:09:57,357: asyncio: INFO: [MLTrader] [34mTrading iteration ended at 2024-05-31 17:09:57[0m
2024-05-31 17:09:57,357: asyncio: INFO: [MLTrader] [34mSleeping for 1800 seconds[0m
2024-05-31 17:09:57,358: root: INFO: Current backtesting datetime 2023-05-23 14:00:00-04:00
2024-05-31 17:09:57,358: asyncio: INFO: [MLTrader] [34mExecuting the on_trading_iteration lifecycle method at 2024-05-31 17:09:57[0m
2024-05-31 17:09:57,359: asyncio: INFO: [MLTrader] [34mTrading iteration ended at 2024-05-31 17:09:57[0m
2024-05-31 17:09:57,359: asyncio: INFO: [MLTrader] [34mSleeping for 1800 seconds[0m
2024-05-31 17:09:57,360: root: INFO: Current backtesting datetime 2023-05-23 14:30:00-04:00
2024-05-31 17:09:57,360: asyncio: INFO: [MLTrader] [34mExecuting the on_trading_iteration lifecycle method at 2024-05-31 17:09:57[0m
2024-05-31 17:09:57,360: asyncio: INFO: [MLTrader] [34mTrading iteration ended at 2024-05-31 17:09:57[0m
2024-05-31 17:09:57,361: asyncio: INFO: [MLTrader] [34mSleeping for 1800 seconds[0m
2024-05-31 17:09:57,361: root: INFO: Current backtesting datetime 2023-05-23 15:00:00-04:00
2024-05-31 17:09:57,362: asyncio: INFO: [MLTrader] [34mExecuting the on_trading_iteration lifecycle method at 2024-05-31 17:09:57[0m
2024-05-31 17:09:57,362: asyncio: INFO: [MLTrader] [34mTrading iteration ended at 2024-05-31 17:09:57[0m
2024-05-31 17:09:57,363: asyncio: INFO: [MLTrader] [34mSleeping for 1800 seconds[0m
2024-05-31 17:09:57,363: root: INFO: Current backtesting datetime 2023-05-23 15:30:00-04:00
2024-05-31 17:09:57,364: asyncio: INFO: [MLTrader] [34mExecuting the on_trading_iteration lifecycle method at 2024-05-31 17:09:57[0m
2024-05-31 17:09:57,364: asyncio: INFO: [MLTrader] [34mTrading iteration ended at 2024-05-31 17:09:57[0m
2024-05-31 17:09:57,365: asyncio: INFO: [MLTrader] [34mSleeping for 1800 seconds[0m
2024-05-31 17:09:57,365: root: INFO: Current backtesting datetime 2023-05-23 16:00:00-04:00
2024-05-31 17:09:57,366: asyncio: INFO: [MLTrader] [34mThe market is not currently open, skipping this trading iteration[0m
2024-05-31 17:09:57,367: root: INFO: Current backtesting datetime 2023-05-23 15:59:00-04:00
2024-05-31 17:09:57,367: asyncio: INFO: [MLTrader] Executing the before_market_closes lifecycle method
2024-05-31 17:09:57,368: root: INFO: Current backtesting datetime 2023-05-23 16:00:00-04:00
2024-05-31 17:09:57,368: asyncio: INFO: [MLTrader] Executing the after_market_closes lifecycle method
2024-05-31 17:09:57,369: root: INFO: Current backtesting datetime 2023-05-24 08:30:00-04:00
2024-05-31 17:09:57,369: asyncio: INFO: [MLTrader] Executing the before_market_opens lifecycle method
2024-05-31 17:09:57,370: root: INFO: Current backtesting datetime 2023-05-24 09:30:00-04:00
2024-05-31 17:09:57,370: asyncio: INFO: [MLTrader] Executing the before_starting_trading lifecycle method
2024-05-31 17:09:57,371: asyncio: INFO: [MLTrader] [34mExecuting the on_trading_iteration lifecycle method at 2024-05-31 17:09:57[0m
2024-05-31 17:09:57,371: asyncio: INFO: [MLTrader] [34mTrading iteration ended at 2024-05-31 17:09:57[0m
2024-05-31 17:09:57,371: asyncio: INFO: [MLTrader] [34mSleeping for 1800 seconds[0m
2024-05-31 17:09:57,372: root: INFO: Current backtesting datetime 2023-05-24 10:00:00-04:00
2024-05-31 17:09:57,373: asyncio: INFO: [MLTrader] [34mExecuting the on_trading_iteration lifecycle method at 2024-05-31 17:09:57[0m
2024-05-31 17:09:57,373: asyncio: INFO: [MLTrader] [34mTrading iteration ended at 2024-05-31 17:09:57[0m
2024-05-31 17:09:57,374: asyncio: INFO: [MLTrader] [34mSleeping for 1800 seconds[0m
2024-05-31 17:09:57,374: root: INFO: Current backtesting datetime 2023-05-24 10:30:00-04:00
2024-05-31 17:09:57,375: asyncio: INFO: [MLTrader] [34mExecuting the on_trading_iteration lifecycle method at 2024-05-31 17:09:57[0m
2024-05-31 17:09:57,375: asyncio: INFO: [MLTrader] [34mTrading iteration ended at 2024-05-31 17:09:57[0m
2024-05-31 17:09:57,375: asyncio: INFO: [MLTrader] [34mSleeping for 1800 seconds[0m
2024-05-31 17:09:57,376: root: INFO: Current backtesting datetime 2023-05-24 11:00:00-04:00
2024-05-31 17:09:57,376: asyncio: INFO: [MLTrader] [34mExecuting the on_trading_iteration lifecycle method at 2024-05-31 17:09:57[0m
2024-05-31 17:09:57,376: asyncio: INFO: [MLTrader] [34mTrading iteration ended at 2024-05-31 17:09:57[0m
2024-05-31 17:09:57,377: asyncio: INFO: [MLTrader] [34mSleeping for 1800 seconds[0m
2024-05-31 17:09:57,378: root: INFO: Current backtesting datetime 2023-05-24 11:30:00-04:00
2024-05-31 17:09:57,378: asyncio: INFO: [MLTrader] [34mExecuting the on_trading_iteration lifecycle method at 2024-05-31 17:09:57[0m
2024-05-31 17:09:57,379: asyncio: INFO: [MLTrader] [34mTrading iteration ended at 2024-05-31 17:09:57[0m
2024-05-31 17:09:57,379: asyncio: INFO: [MLTrader] [34mSleeping for 1800 seconds[0m
2024-05-31 17:09:57,380: root: INFO: Current backtesting datetime 2023-05-24 12:00:00-04:00
2024-05-31 17:09:57,381: asyncio: INFO: [MLTrader] [34mExecuting the on_trading_iteration lifecycle method at 2024-05-31 17:09:57[0m
2024-05-31 17:09:57,381: asyncio: INFO: [MLTrader] [34mTrading iteration ended at 2024-05-31 17:09:57[0m
2024-05-31 17:09:57,381: asyncio: INFO: [MLTrader] [34mSleeping for 1800 seconds[0m
2024-05-31 17:09:57,382: root: INFO: Current backtesting datetime 2023-05-24 12:30:00-04:00
2024-05-31 17:09:57,383: asyncio: INFO: [MLTrader] [34mExecuting the on_trading_iteration lifecycle method at 2024-05-31 17:09:57[0m
2024-05-31 17:09:57,383: asyncio: INFO: [MLTrader] [34mTrading iteration ended at 2024-05-31 17:09:57[0m
2024-05-31 17:09:57,383: asyncio: INFO: [MLTrader] [34mSleeping for 1800 seconds[0m
2024-05-31 17:09:57,384: root: INFO: Current backtesting datetime 2023-05-24 13:00:00-04:00
2024-05-31 17:09:57,384: asyncio: INFO: [MLTrader] [34mExecuting the on_trading_iteration lifecycle method at 2024-05-31 17:09:57[0m
2024-05-31 17:09:57,385: asyncio: INFO: [MLTrader] [34mTrading iteration ended at 2024-05-31 17:09:57[0m
2024-05-31 17:09:57,385: asyncio: INFO: [MLTrader] [34mSleeping for 1800 seconds[0m
2024-05-31 17:09:57,385: root: INFO: Current backtesting datetime 2023-05-24 13:30:00-04:00
2024-05-31 17:09:57,386: asyncio: INFO: [MLTrader] [34mExecuting the on_trading_iteration lifecycle method at 2024-05-31 17:09:57[0m
2024-05-31 17:09:57,386: asyncio: INFO: [MLTrader] [34mTrading iteration ended at 2024-05-31 17:09:57[0m
2024-05-31 17:09:57,387: asyncio: INFO: [MLTrader] [34mSleeping for 1800 seconds[0m
2024-05-31 17:09:57,388: root: INFO: Current backtesting datetime 2023-05-24 14:00:00-04:00
2024-05-31 17:09:57,388: asyncio: INFO: [MLTrader] [34mExecuting the on_trading_iteration lifecycle method at 2024-05-31 17:09:57[0m
2024-05-31 17:09:57,389: asyncio: INFO: [MLTrader] [34mTrading iteration ended at 2024-05-31 17:09:57[0m
2024-05-31 17:09:57,389: asyncio: INFO: [MLTrader] [34mSleeping for 1800 seconds[0m
2024-05-31 17:09:57,390: root: INFO: Current backtesting datetime 2023-05-24 14:30:00-04:00
2024-05-31 17:09:57,390: asyncio: INFO: [MLTrader] [34mExecuting the on_trading_iteration lifecycle method at 2024-05-31 17:09:57[0m
2024-05-31 17:09:57,391: asyncio: INFO: [MLTrader] [34mTrading iteration ended at 2024-05-31 17:09:57[0m
2024-05-31 17:09:57,391: asyncio: INFO: [MLTrader] [34mSleeping for 1800 seconds[0m
2024-05-31 17:09:57,392: root: INFO: Current backtesting datetime 2023-05-24 15:00:00-04:00
2024-05-31 17:09:57,392: asyncio: INFO: [MLTrader] [34mExecuting the on_trading_iteration lifecycle method at 2024-05-31 17:09:57[0m
2024-05-31 17:09:57,392: asyncio: INFO: [MLTrader] [34mTrading iteration ended at 2024-05-31 17:09:57[0m
2024-05-31 17:09:57,393: asyncio: INFO: [MLTrader] [34mSleeping for 1800 seconds[0m
2024-05-31 17:09:57,393: root: INFO: Current backtesting datetime 2023-05-24 15:30:00-04:00
2024-05-31 17:09:57,394: asyncio: INFO: [MLTrader] [34mExecuting the on_trading_iteration lifecycle method at 2024-05-31 17:09:57[0m
2024-05-31 17:09:57,394: asyncio: INFO: [MLTrader] [34mTrading iteration ended at 2024-05-31 17:09:57[0m
2024-05-31 17:09:57,395: asyncio: INFO: [MLTrader] [34mSleeping for 1800 seconds[0m
2024-05-31 17:09:57,395: root: INFO: Current backtesting datetime 2023-05-24 16:00:00-04:00
2024-05-31 17:09:57,395: asyncio: INFO: [MLTrader] [34mThe market is not currently open, skipping this trading iteration[0m
2024-05-31 17:09:57,396: root: INFO: Current backtesting datetime 2023-05-24 15:59:00-04:00
2024-05-31 17:09:57,396: asyncio: INFO: [MLTrader] Executing the before_market_closes lifecycle method
2024-05-31 17:09:57,397: root: INFO: Current backtesting datetime 2023-05-24 16:00:00-04:00
2024-05-31 17:09:57,397: asyncio: INFO: [MLTrader] Executing the after_market_closes lifecycle method
2024-05-31 17:09:57,397: root: INFO: Current backtesting datetime 2023-05-25 08:30:00-04:00
2024-05-31 17:09:57,398: asyncio: INFO: [MLTrader] Executing the before_market_opens lifecycle method
2024-05-31 17:09:57,398: root: INFO: Current backtesting datetime 2023-05-25 09:30:00-04:00
2024-05-31 17:09:57,398: asyncio: INFO: [MLTrader] Executing the before_starting_trading lifecycle method
2024-05-31 17:09:57,399: asyncio: INFO: [MLTrader] [34mExecuting the on_trading_iteration lifecycle method at 2024-05-31 17:09:57[0m
2024-05-31 17:09:57,400: asyncio: INFO: [MLTrader] [34mTrading iteration ended at 2024-05-31 17:09:57[0m
2024-05-31 17:09:57,400: asyncio: INFO: [MLTrader] [34mSleeping for 1800 seconds[0m
2024-05-31 17:09:57,401: root: INFO: Current backtesting datetime 2023-05-25 10:00:00-04:00
2024-05-31 17:09:57,402: asyncio: INFO: [MLTrader] [34mExecuting the on_trading_iteration lifecycle method at 2024-05-31 17:09:57[0m
2024-05-31 17:09:57,402: asyncio: INFO: [MLTrader] [34mTrading iteration ended at 2024-05-31 17:09:57[0m
2024-05-31 17:09:57,402: asyncio: INFO: [MLTrader] [34mSleeping for 1800 seconds[0m
2024-05-31 17:09:57,403: root: INFO: Current backtesting datetime 2023-05-25 10:30:00-04:00
2024-05-31 17:09:57,403: asyncio: INFO: [MLTrader] [34mExecuting the on_trading_iteration lifecycle method at 2024-05-31 17:09:57[0m
2024-05-31 17:09:57,404: asyncio: INFO: [MLTrader] [34mTrading iteration ended at 2024-05-31 17:09:57[0m
2024-05-31 17:09:57,404: asyncio: INFO: [MLTrader] [34mSleeping for 1800 seconds[0m
2024-05-31 17:09:57,404: root: INFO: Current backtesting datetime 2023-05-25 11:00:00-04:00
2024-05-31 17:09:57,406: asyncio: INFO: [MLTrader] [34mExecuting the on_trading_iteration lifecycle method at 2024-05-31 17:09:57[0m
2024-05-31 17:09:57,406: asyncio: INFO: [MLTrader] [34mTrading iteration ended at 2024-05-31 17:09:57[0m
2024-05-31 17:09:57,407: asyncio: INFO: [MLTrader] [34mSleeping for 1800 seconds[0m
2024-05-31 17:09:57,407: root: INFO: Current backtesting datetime 2023-05-25 11:30:00-04:00
2024-05-31 17:09:57,407: asyncio: INFO: [MLTrader] [34mExecuting the on_trading_iteration lifecycle method at 2024-05-31 17:09:57[0m
2024-05-31 17:09:57,408: asyncio: INFO: [MLTrader] [34mTrading iteration ended at 2024-05-31 17:09:57[0m
2024-05-31 17:09:57,408: asyncio: INFO: [MLTrader] [34mSleeping for 1800 seconds[0m
2024-05-31 17:09:57,409: root: INFO: Current backtesting datetime 2023-05-25 12:00:00-04:00
2024-05-31 17:09:57,410: asyncio: INFO: [MLTrader] [34mExecuting the on_trading_iteration lifecycle method at 2024-05-31 17:09:57[0m
2024-05-31 17:09:57,410: asyncio: INFO: [MLTrader] [34mTrading iteration ended at 2024-05-31 17:09:57[0m
2024-05-31 17:09:57,411: asyncio: INFO: [MLTrader] [34mSleeping for 1800 seconds[0m
2024-05-31 17:09:57,411: root: INFO: Current backtesting datetime 2023-05-25 12:30:00-04:00
2024-05-31 17:09:57,412: asyncio: INFO: [MLTrader] [34mExecuting the on_trading_iteration lifecycle method at 2024-05-31 17:09:57[0m
2024-05-31 17:09:57,412: asyncio: INFO: [MLTrader] [34mTrading iteration ended at 2024-05-31 17:09:57[0m
2024-05-31 17:09:57,412: asyncio: INFO: [MLTrader] [34mSleeping for 1800 seconds[0m
2024-05-31 17:09:57,413: root: INFO: Current backtesting datetime 2023-05-25 13:00:00-04:00
2024-05-31 17:09:57,413: asyncio: INFO: [MLTrader] [34mExecuting the on_trading_iteration lifecycle method at 2024-05-31 17:09:57[0m
2024-05-31 17:09:57,414: asyncio: INFO: [MLTrader] [34mTrading iteration ended at 2024-05-31 17:09:57[0m
2024-05-31 17:09:57,414: asyncio: INFO: [MLTrader] [34mSleeping for 1800 seconds[0m
2024-05-31 17:09:57,416: root: INFO: Current backtesting datetime 2023-05-25 13:30:00-04:00
2024-05-31 17:09:57,416: asyncio: INFO: [MLTrader] [34mExecuting the on_trading_iteration lifecycle method at 2024-05-31 17:09:57[0m
2024-05-31 17:09:57,416: asyncio: INFO: [MLTrader] [34mTrading iteration ended at 2024-05-31 17:09:57[0m
2024-05-31 17:09:57,418: asyncio: INFO: [MLTrader] [34mSleeping for 1800 seconds[0m
2024-05-31 17:09:57,418: root: INFO: Current backtesting datetime 2023-05-25 14:00:00-04:00
2024-05-31 17:09:57,419: asyncio: INFO: [MLTrader] [34mExecuting the on_trading_iteration lifecycle method at 2024-05-31 17:09:57[0m
2024-05-31 17:09:57,419: asyncio: INFO: [MLTrader] [34mTrading iteration ended at 2024-05-31 17:09:57[0m
2024-05-31 17:09:57,419: asyncio: INFO: [MLTrader] [34mSleeping for 1800 seconds[0m
2024-05-31 17:09:57,420: root: INFO: Current backtesting datetime 2023-05-25 14:30:00-04:00
2024-05-31 17:09:57,421: asyncio: INFO: [MLTrader] [34mExecuting the on_trading_iteration lifecycle method at 2024-05-31 17:09:57[0m
2024-05-31 17:09:57,421: asyncio: INFO: [MLTrader] [34mTrading iteration ended at 2024-05-31 17:09:57[0m
2024-05-31 17:09:57,421: asyncio: INFO: [MLTrader] [34mSleeping for 1800 seconds[0m
2024-05-31 17:09:57,422: root: INFO: Current backtesting datetime 2023-05-25 15:00:00-04:00
2024-05-31 17:09:57,423: asyncio: INFO: [MLTrader] [34mExecuting the on_trading_iteration lifecycle method at 2024-05-31 17:09:57[0m
2024-05-31 17:09:57,423: asyncio: INFO: [MLTrader] [34mTrading iteration ended at 2024-05-31 17:09:57[0m
2024-05-31 17:09:57,423: asyncio: INFO: [MLTrader] [34mSleeping for 1800 seconds[0m
2024-05-31 17:09:57,424: root: INFO: Current backtesting datetime 2023-05-25 15:30:00-04:00
2024-05-31 17:09:57,425: asyncio: INFO: [MLTrader] [34mExecuting the on_trading_iteration lifecycle method at 2024-05-31 17:09:57[0m
2024-05-31 17:09:57,425: asyncio: INFO: [MLTrader] [34mTrading iteration ended at 2024-05-31 17:09:57[0m
2024-05-31 17:09:57,425: asyncio: INFO: [MLTrader] [34mSleeping for 1800 seconds[0m
2024-05-31 17:09:57,425: root: INFO: Current backtesting datetime 2023-05-25 16:00:00-04:00
2024-05-31 17:09:57,426: asyncio: INFO: [MLTrader] [34mThe market is not currently open, skipping this trading iteration[0m
2024-05-31 17:09:57,427: root: INFO: Current backtesting datetime 2023-05-25 15:59:00-04:00
2024-05-31 17:09:57,428: asyncio: INFO: [MLTrader] Executing the before_market_closes lifecycle method
2024-05-31 17:09:57,428: root: INFO: Current backtesting datetime 2023-05-25 16:00:00-04:00
2024-05-31 17:09:57,428: asyncio: INFO: [MLTrader] Executing the after_market_closes lifecycle method
2024-05-31 17:09:57,428: root: INFO: Current backtesting datetime 2023-05-26 08:30:00-04:00
2024-05-31 17:09:57,429: asyncio: INFO: [MLTrader] Executing the before_market_opens lifecycle method
2024-05-31 17:09:57,429: root: INFO: Current backtesting datetime 2023-05-26 09:30:00-04:00
2024-05-31 17:09:57,429: asyncio: INFO: [MLTrader] Executing the before_starting_trading lifecycle method
2024-05-31 17:09:57,430: asyncio: INFO: [MLTrader] [34mExecuting the on_trading_iteration lifecycle method at 2024-05-31 17:09:57[0m
2024-05-31 17:09:57,430: asyncio: INFO: [MLTrader] [34mTrading iteration ended at 2024-05-31 17:09:57[0m
2024-05-31 17:09:57,431: asyncio: INFO: [MLTrader] [34mSleeping for 1800 seconds[0m
2024-05-31 17:09:57,432: root: INFO: Current backtesting datetime 2023-05-26 10:00:00-04:00
2024-05-31 17:09:57,432: asyncio: INFO: [MLTrader] [34mExecuting the on_trading_iteration lifecycle method at 2024-05-31 17:09:57[0m
2024-05-31 17:09:57,432: asyncio: INFO: [MLTrader] [34mTrading iteration ended at 2024-05-31 17:09:57[0m
2024-05-31 17:09:57,433: asyncio: INFO: [MLTrader] [34mSleeping for 1800 seconds[0m
2024-05-31 17:09:57,433: root: INFO: Current backtesting datetime 2023-05-26 10:30:00-04:00
2024-05-31 17:09:57,434: asyncio: INFO: [MLTrader] [34mExecuting the on_trading_iteration lifecycle method at 2024-05-31 17:09:57[0m
2024-05-31 17:09:57,434: asyncio: INFO: [MLTrader] [34mTrading iteration ended at 2024-05-31 17:09:57[0m
2024-05-31 17:09:57,435: asyncio: INFO: [MLTrader] [34mSleeping for 1800 seconds[0m
2024-05-31 17:09:57,435: root: INFO: Current backtesting datetime 2023-05-26 11:00:00-04:00
2024-05-31 17:09:57,436: asyncio: INFO: [MLTrader] [34mExecuting the on_trading_iteration lifecycle method at 2024-05-31 17:09:57[0m
2024-05-31 17:09:57,436: asyncio: INFO: [MLTrader] [34mTrading iteration ended at 2024-05-31 17:09:57[0m
2024-05-31 17:09:57,436: asyncio: INFO: [MLTrader] [34mSleeping for 1800 seconds[0m
2024-05-31 17:09:57,438: root: INFO: Current backtesting datetime 2023-05-26 11:30:00-04:00
2024-05-31 17:09:57,438: asyncio: INFO: [MLTrader] [34mExecuting the on_trading_iteration lifecycle method at 2024-05-31 17:09:57[0m
2024-05-31 17:09:57,438: asyncio: INFO: [MLTrader] [34mTrading iteration ended at 2024-05-31 17:09:57[0m
2024-05-31 17:09:57,439: asyncio: INFO: [MLTrader] [34mSleeping for 1800 seconds[0m
2024-05-31 17:09:57,440: root: INFO: Current backtesting datetime 2023-05-26 12:00:00-04:00
2024-05-31 17:09:57,440: asyncio: INFO: [MLTrader] [34mExecuting the on_trading_iteration lifecycle method at 2024-05-31 17:09:57[0m
2024-05-31 17:09:57,440: asyncio: INFO: [MLTrader] [34mTrading iteration ended at 2024-05-31 17:09:57[0m
2024-05-31 17:09:57,441: asyncio: INFO: [MLTrader] [34mSleeping for 1800 seconds[0m
2024-05-31 17:09:57,442: root: INFO: Current backtesting datetime 2023-05-26 12:30:00-04:00
2024-05-31 17:09:57,442: asyncio: INFO: [MLTrader] [34mExecuting the on_trading_iteration lifecycle method at 2024-05-31 17:09:57[0m
2024-05-31 17:09:57,442: asyncio: INFO: [MLTrader] [34mTrading iteration ended at 2024-05-31 17:09:57[0m
2024-05-31 17:09:57,443: asyncio: INFO: [MLTrader] [34mSleeping for 1800 seconds[0m
2024-05-31 17:09:57,444: root: INFO: Current backtesting datetime 2023-05-26 13:00:00-04:00
2024-05-31 17:09:57,445: asyncio: INFO: [MLTrader] [34mExecuting the on_trading_iteration lifecycle method at 2024-05-31 17:09:57[0m
2024-05-31 17:09:57,445: asyncio: INFO: [MLTrader] [34mTrading iteration ended at 2024-05-31 17:09:57[0m
2024-05-31 17:09:57,445: asyncio: INFO: [MLTrader] [34mSleeping for 1800 seconds[0m
2024-05-31 17:09:57,446: root: INFO: Current backtesting datetime 2023-05-26 13:30:00-04:00
2024-05-31 17:09:57,446: asyncio: INFO: [MLTrader] [34mExecuting the on_trading_iteration lifecycle method at 2024-05-31 17:09:57[0m
2024-05-31 17:09:57,446: asyncio: INFO: [MLTrader] [34mTrading iteration ended at 2024-05-31 17:09:57[0m
2024-05-31 17:09:57,447: asyncio: INFO: [MLTrader] [34mSleeping for 1800 seconds[0m
2024-05-31 17:09:57,449: root: INFO: Current backtesting datetime 2023-05-26 14:00:00-04:00
2024-05-31 17:09:57,449: asyncio: INFO: [MLTrader] [34mExecuting the on_trading_iteration lifecycle method at 2024-05-31 17:09:57[0m
2024-05-31 17:09:57,449: asyncio: INFO: [MLTrader] [34mTrading iteration ended at 2024-05-31 17:09:57[0m
2024-05-31 17:09:57,450: asyncio: INFO: [MLTrader] [34mSleeping for 1800 seconds[0m
2024-05-31 17:09:57,451: root: INFO: Current backtesting datetime 2023-05-26 14:30:00-04:00
2024-05-31 17:09:57,451: asyncio: INFO: [MLTrader] [34mExecuting the on_trading_iteration lifecycle method at 2024-05-31 17:09:57[0m
2024-05-31 17:09:57,451: asyncio: INFO: [MLTrader] [34mTrading iteration ended at 2024-05-31 17:09:57[0m
2024-05-31 17:09:57,452: asyncio: INFO: [MLTrader] [34mSleeping for 1800 seconds[0m
2024-05-31 17:09:57,453: root: INFO: Current backtesting datetime 2023-05-26 15:00:00-04:00
2024-05-31 17:09:57,453: asyncio: INFO: [MLTrader] [34mExecuting the on_trading_iteration lifecycle method at 2024-05-31 17:09:57[0m
2024-05-31 17:09:57,453: asyncio: INFO: [MLTrader] [34mTrading iteration ended at 2024-05-31 17:09:57[0m
2024-05-31 17:09:57,454: asyncio: INFO: [MLTrader] [34mSleeping for 1800 seconds[0m
2024-05-31 17:09:57,455: root: INFO: Current backtesting datetime 2023-05-26 15:30:00-04:00
2024-05-31 17:09:57,455: asyncio: INFO: [MLTrader] [34mExecuting the on_trading_iteration lifecycle method at 2024-05-31 17:09:57[0m
2024-05-31 17:09:57,455: asyncio: INFO: [MLTrader] [34mTrading iteration ended at 2024-05-31 17:09:57[0m
2024-05-31 17:09:57,455: asyncio: INFO: [MLTrader] [34mSleeping for 1800 seconds[0m
2024-05-31 17:09:57,456: root: INFO: Current backtesting datetime 2023-05-26 16:00:00-04:00
2024-05-31 17:09:57,457: asyncio: INFO: [MLTrader] [34mThe market is not currently open, skipping this trading iteration[0m
2024-05-31 17:09:57,457: root: INFO: Current backtesting datetime 2023-05-26 15:59:00-04:00
2024-05-31 17:09:57,459: asyncio: INFO: [MLTrader] Executing the before_market_closes lifecycle method
2024-05-31 17:09:57,460: root: INFO: Current backtesting datetime 2023-05-26 16:00:00-04:00
2024-05-31 17:09:57,460: asyncio: INFO: [MLTrader] Executing the after_market_closes lifecycle method
2024-05-31 17:09:57,460: root: INFO: Current backtesting datetime 2023-05-30 08:30:00-04:00
2024-05-31 17:09:57,460: asyncio: INFO: [MLTrader] Executing the before_market_opens lifecycle method
2024-05-31 17:09:57,461: root: INFO: Current backtesting datetime 2023-05-30 09:30:00-04:00
2024-05-31 17:09:57,461: asyncio: INFO: [MLTrader] Executing the before_starting_trading lifecycle method
2024-05-31 17:09:57,462: asyncio: INFO: [MLTrader] [34mExecuting the on_trading_iteration lifecycle method at 2024-05-31 17:09:57[0m
2024-05-31 17:09:57,462: asyncio: INFO: [MLTrader] [34mTrading iteration ended at 2024-05-31 17:09:57[0m
2024-05-31 17:09:57,463: asyncio: INFO: [MLTrader] [34mSleeping for 1800 seconds[0m
2024-05-31 17:09:57,464: root: INFO: Current backtesting datetime 2023-05-30 10:00:00-04:00
2024-05-31 17:09:57,464: root: INFO: Current backtesting datetime 2023-05-30 15:59:00-04:00
2024-05-31 17:09:57,465: asyncio: INFO: [MLTrader] Executing the before_market_closes lifecycle method
2024-05-31 17:09:57,465: root: INFO: Current backtesting datetime 2023-05-30 16:00:00-04:00
2024-05-31 17:09:57,465: asyncio: INFO: [MLTrader] Executing the after_market_closes lifecycle method
2024-05-31 17:09:57,466: asyncio: INFO: [MLTrader] Executing the on_strategy_end lifecycle method
2024-05-31 17:09:58,038: root: INFO: Backtesting finished
2024-05-31 17:09:59,086: root: ERROR: Not enough data to create a tearsheet, at least 2 days of data are required. Skipping
2024-05-31 17:09:59,086: backtest_stats: INFO: Backtest took 0:00:03.298393 for a speed of 0.000
